src_ip,dst_ip,src_port,dst_port,protocol,timestamp,flow_duration,tot_fwd_pkts,tot_bwd_pkts,totlen_fwd_pkts,totlen_bwd_pkts,fwd_pkt_len_max,fwd_pkt_len_min,fwd_pkt_len_mean,fwd_pkt_len_std,bwd_pkt_len_max,bwd_pkt_len_min,bwd_pkt_len_mean,bwd_pkt_len_std,flow_byts_s,flow_pkts_s,flow_iat_mean,flow_iat_std,flow_iat_max,flow_iat_min,fwd_iat_tot,fwd_iat_mean,fwd_iat_std,fwd_iat_max,fwd_iat_min,bwd_iat_tot,bwd_iat_mean,bwd_iat_std,bwd_iat_max,bwd_iat_min,fwd_psh_flags,bwd_psh_flags,fwd_urg_flags,bwd_urg_flags,fwd_header_len,bwd_header_len,fwd_pkts_s,bwd_pkts_s,pkt_len_min,pkt_len_max,pkt_len_mean,pkt_len_std,pkt_len_var,fin_flag_cnt,syn_flag_cnt,rst_flag_cnt,psh_flag_cnt,ack_flag_cnt,urg_flag_cnt,cwe_flag_count,ece_flag_cnt,down_up_ratio,pkt_size_avg,fwd_seg_size_avg,bwd_seg_size_avg,fwd_byts_b_avg,fwd_pkts_b_avg,fwd_blk_rate_avg,bwd_byts_b_avg,bwd_pkts_b_avg,bwd_blk_rate_avg,subflow_fwd_pkts,subflow_fwd_byts,subflow_bwd_pkts,subflow_bwd_byts,init_fwd_win_byts,init_bwd_win_byts,fwd_act_data_pkts,fwd_seg_size_min,active_mean,active_std,active_max,active_min,idle_mean,idle_std,idle_max,idle_min
51.142.253.91,15.236.229.88,2555,22746,6,2005-12-20 20:39:40,0.0,1,0,54,0,54.0,54.0,54.0,0.0,0.0,0.0,0.0,0.0,0.0,0.0,0.0,0.0,0.0,0.0,0,0.0,0.0,0.0,0.0,0.0,0.0,0.0,0.0,0.0,0,0,0,0,20,0,0.0,0.0,54,54,54.0,0.0,0.0,0,0,0,0,0,0,0,0,0.0,54.0,54.0,0.0,0.0,0.0,0.0,0.0,0.0,0.0,1,54,0,0,512,0,0,20,0.0,0.0,0.0,0.0,0.0,0.0,0.0,0.0
246.160.37.73,137.48.165.27,36850,38839,6,2005-12-20 20:39:40,91.0,2,0,108,0,54.0,54.0,54.0,0.0,0.0,0.0,0.0,0.0,1186813.1868131869,21978.021978021978,0.0,0.0,0.0,0.0,0,0.0,0.0,0.0,0.0,0.0,0.0,0.0,0.0,0.0,0,0,0,0,40,0,21978.021978021978,0.0,54,54,54.0,0.0,0.0,0,0,0,0,0,0,0,0,0.0,54.0,54.0,0.0,0.0,0.0,0.0,0.0,0.0,0.0,2,108,0,0,512,0,0,20,0.0,0.0,0.0,0.0,0.0,0.0,0.0,0.0
53.128.129.15,188.173.242.72,65386,6909,6,2005-12-20 20:39:40,135.0,3,0,162,0,54.0,54.0,54.0,0.0,0.0,0.0,0.0,0.0,1200000.0,22222.222222222223,0.0,0.0,0.0,0.0,135,67.5,23.5,91.0,44.0,0.0,0.0,0.0,0.0,0.0,0,0,0,0,60,0,22222.222222222223,0.0,54,54,54.0,0.0,0.0,0,0,0,0,0,0,0,0,0.0,54.0,54.0,0.0,0.0,0.0,0.0,0.0,0.0,0.0,3,162,0,0,512,0,0,20,0.0,0.0,0.0,0.0,0.0,0.0,0.0,0.0
126.79.12.119,227.13.23.6,17662,20614,6,2005-12-20 20:39:40,177.0,4,0,216,0,54.0,54.0,54.0,0.0,0.0,0.0,0.0,0.0,1220338.9830508474,22598.870056497177,0.0,0.0,0.0,0.0,177,59.0,22.642143596988927,91.0,42.0,0.0,0.0,0.0,0.0,0.0,0,0,0,0,80,0,22598.870056497177,0.0,54,54,54.0,0.0,0.0,0,0,0,0,0,0,0,0,0.0,54.0,54.0,0.0,0.0,0.0,0.0,0.0,0.0,0.0,4,216,0,0,512,0,0,20,0.0,0.0,0.0,0.0,0.0,0.0,0.0,0.0
230.185.60.16,228.104.247.35,51795,23062,6,2005-12-20 20:39:40,220.0,5,0,270,0,54.0,54.0,54.0,0.0,0.0,0.0,0.0,0.0,1227272.7272727273,22727.272727272728,0.0,0.0,0.0,0.0,220,55.0,20.796634343085422,91.0,42.0,0.0,0.0,0.0,0.0,0.0,0,0,0,0,100,0,22727.272727272728,0.0,54,54,54.0,0.0,0.0,0,0,0,0,0,0,0,0,0.0,54.0,54.0,0.0,0.0,0.0,0.0,0.0,0.0,0.0,5,270,0,0,512,0,0,20,0.0,0.0,0.0,0.0,0.0,0.0,0.0,0.0
20.247.134.114,16.169.137.52,41795,26887,6,2005-12-20 20:39:40,262.0,6,0,324,0,54.0,54.0,54.0,0.0,0.0,0.0,0.0,0.0,1236641.2213740456,22900.763358778622,0.0,0.0,0.0,0.0,262,52.4,19.31424344881259,91.0,42.0,0.0,0.0,0.0,0.0,0.0,0,0,0,0,120,0,22900.763358778622,0.0,54,54,54.0,0.0,0.0,0,0,0,0,0,0,0,0,0.0,54.0,54.0,0.0,0.0,0.0,0.0,0.0,0.0,0.0,6,324,0,0,512,0,0,20,0.0,0.0,0.0,0.0,0.0,0.0,0.0,0.0
242.168.51.119,167.184.28.110,59753,25893,6,2005-12-20 20:39:40,304.0,7,0,378,0,54.0,54.0,54.0,0.0,0.0,0.0,0.0,0.0,1243421.0526315789,23026.315789473683,0.0,0.0,0.0,0.0,304,50.666666666666664,18.05239288540134,91.0,42.0,0.0,0.0,0.0,0.0,0.0,0,0,0,0,140,0,23026.315789473683,0.0,54,54,54.0,0.0,0.0,0,0,0,0,0,0,0,0,0.0,54.0,54.0,0.0,0.0,0.0,0.0,0.0,0.0,0.0,7,378,0,0,512,0,0,20,0.0,0.0,0.0,0.0,0.0,0.0,0.0,0.0
62.171.3.32,240.31.248.85,28321,38294,6,2005-12-20 20:39:40,346.0,8,0,432,0,54.0,54.0,54.0,0.0,0.0,0.0,0.0,0.0,1248554.9132947978,23121.387283236993,0.0,0.0,0.0,0.0,346,49.42857142857143,16.98618886757409,91.0,42.0,0.0,0.0,0.0,0.0,0.0,0,0,0,0,160,0,23121.387283236993,0.0,54,54,54.0,0.0,0.0,0,0,0,0,0,0,0,0,0.0,54.0,54.0,0.0,0.0,0.0,0.0,0.0,0.0,0.0,8,432,0,0,512,0,0,20,0.0,0.0,0.0,0.0,0.0,0.0,0.0,0.0
74.55.63.122,201.244.221.89,2851,54476,6,2005-12-20 20:39:40,388.0,9,0,486,0,54.0,54.0,54.0,0.0,0.0,0.0,0.0,0.0,1252577.3195876288,23195.876288659794,0.0,0.0,0.0,0.0,388,48.5,16.077935190813527,91.0,42.0,0.0,0.0,0.0,0.0,0.0,0,0,0,0,180,0,23195.876288659794,0.0,54,54,54.0,0.0,0.0,0,0,0,0,0,0,0,0,0.0,54.0,54.0,0.0,0.0,0.0,0.0,0.0,0.0,0.0,9,486,0,0,512,0,0,20,0.0,0.0,0.0,0.0,0.0,0.0,0.0,0.0
238.227.214.84,147.47.105.20,34984,8752,6,2005-12-20 20:39:40,429.0,10,0,540,0,54.0,54.0,54.0,0.0,0.0,0.0,0.0,0.0,1258741.2587412586,23310.02331002331,0.0,0.0,0.0,0.0,429,47.666666666666664,15.340577998671801,91.0,41.0,0.0,0.0,0.0,0.0,0.0,0,0,0,0,200,0,23310.02331002331,0.0,54,54,54.0,0.0,0.0,0,0,0,0,0,0,0,0,0.0,54.0,54.0,0.0,0.0,0.0,0.0,0.0,0.0,0.0,10,540,0,0,512,0,0,20,0.0,0.0,0.0,0.0,0.0,0.0,0.0,0.0
205.245.31.84,19.241.61.39,39452,14478,6,2005-12-20 20:39:40,487.0,11,0,594,0,54.0,54.0,54.0,0.0,0.0,0.0,0.0,0.0,1219712.525667351,22587.268993839836,0.0,0.0,0.0,0.0,487,48.7,14.879852149803103,91.0,41.0,0.0,0.0,0.0,0.0,0.0,0,0,0,0,220,0,22587.268993839836,0.0,54,54,54.0,0.0,0.0,0,0,0,0,0,0,0,0,0.0,54.0,54.0,0.0,0.0,0.0,0.0,0.0,0.0,0.0,11,594,0,0,512,0,0,20,0.0,0.0,0.0,0.0,0.0,0.0,0.0,0.0
161.53.118.5,2.180.151.108,32630,17979,6,2005-12-20 20:39:40,530.0,12,0,648,0,54.0,54.0,54.0,0.0,0.0,0.0,0.0,0.0,1222641.5094339624,22641.509433962266,0.0,0.0,0.0,0.0,530,48.18181818181818,14.28169955393126,91.0,41.0,0.0,0.0,0.0,0.0,0.0,0,0,0,0,240,0,22641.509433962266,0.0,54,54,54.0,0.0,0.0,0,0,0,0,0,0,0,0,0.0,54.0,54.0,0.0,0.0,0.0,0.0,0.0,0.0,0.0,12,648,0,0,512,0,0,20,0.0,0.0,0.0,0.0,0.0,0.0,0.0,0.0
116.20.129.68,189.52.130.30,12744,57757,6,2005-12-20 20:39:40,572.0,13,0,702,0,54.0,54.0,54.0,0.0,0.0,0.0,0.0,0.0,1227272.7272727273,22727.272727272728,0.0,0.0,0.0,0.0,572,47.666666666666664,13.780017739062925,91.0,41.0,0.0,0.0,0.0,0.0,0.0,0,0,0,0,260,0,22727.272727272728,0.0,54,54,54.0,0.0,0.0,0,0,0,0,0,0,0,0,0.0,54.0,54.0,0.0,0.0,0.0,0.0,0.0,0.0,0.0,13,702,0,0,512,0,0,20,0.0,0.0,0.0,0.0,0.0,0.0,0.0,0.0
240.28.34.117,18.251.235.17,18160,44078,6,2005-12-20 20:39:40,614.0,14,0,756,0,54.0,54.0,54.0,0.0,0.0,0.0,0.0,0.0,1231270.358306189,22801.302931596092,0.0,0.0,0.0,0.0,614,47.23076923076923,13.325244094481526,91.0,41.0,0.0,0.0,0.0,0.0,0.0,0,0,0,0,280,0,22801.302931596092,0.0,54,54,54.0,0.0,0.0,0,0,0,0,0,0,0,0,0.0,54.0,54.0,0.0,0.0,0.0,0.0,0.0,0.0,0.0,14,756,0,0,512,0,0,20,0.0,0.0,0.0,0.0,0.0,0.0,0.0,0.0
116.228.172.93,9.132.116.57,42484,16791,6,2005-12-20 20:39:40,657.0,15,0,810,0,54.0,54.0,54.0,0.0,0.0,0.0,0.0,0.0,1232876.7123287672,22831.0502283105,0.0,0.0,0.0,0.0,657,46.92857142857143,12.88667243824457,91.0,41.0,0.0,0.0,0.0,0.0,0.0,0,0,0,0,300,0,22831.0502283105,0.0,54,54,54.0,0.0,0.0,0,0,0,0,0,0,0,0,0.0,54.0,54.0,0.0,0.0,0.0,0.0,0.0,0.0,0.0,15,810,0,0,512,0,0,20,0.0,0.0,0.0,0.0,0.0,0.0,0.0,0.0
119.27.2.32,1.46.97.61,26229,60736,6,2005-12-20 20:39:40,699.0,16,0,864,0,54.0,54.0,54.0,0.0,0.0,0.0,0.0,0.0,1236051.5021459227,22889.842632331904,0.0,0.0,0.0,0.0,699,46.6,12.510262453948226,91.0,41.0,0.0,0.0,0.0,0.0,0.0,0,0,0,0,320,0,22889.842632331904,0.0,54,54,54.0,0.0,0.0,0,0,0,0,0,0,0,0,0.0,54.0,54.0,0.0,0.0,0.0,0.0,0.0,0.0,0.0,16,864,0,0,512,0,0,20,0.0,0.0,0.0,0.0,0.0,0.0,0.0,0.0
8.29.40.64,109.189.102.30,6202,9249,6,2005-12-20 20:39:40,741.0,17,0,918,0,54.0,54.0,54.0,0.0,0.0,0.0,0.0,0.0,1238866.3967611336,22941.970310391363,0.0,0.0,0.0,0.0,741,46.3125,12.16408006180492,91.0,41.0,0.0,0.0,0.0,0.0,0.0,0,0,0,0,340,0,22941.970310391363,0.0,54,54,54.0,0.0,0.0,0,0,0,0,0,0,0,0,0.0,54.0,54.0,0.0,0.0,0.0,0.0,0.0,0.0,0.0,17,918,0,0,512,0,0,20,0.0,0.0,0.0,0.0,0.0,0.0,0.0,0.0
87.123.82.40,0.102.56.75,22748,18846,6,2005-12-20 20:39:40,783.0,18,0,972,0,54.0,54.0,54.0,0.0,0.0,0.0,0.0,0.0,1241379.3103448276,22988.505747126437,0.0,0.0,0.0,0.0,783,46.05882352941177,11.8444357163795,91.0,41.0,0.0,0.0,0.0,0.0,0.0,0,0,0,0,360,0,22988.505747126437,0.0,54,54,54.0,0.0,0.0,0,0,0,0,0,0,0,0,0.0,54.0,54.0,0.0,0.0,0.0,0.0,0.0,0.0,0.0,18,972,0,0,512,0,0,20,0.0,0.0,0.0,0.0,0.0,0.0,0.0,0.0
215.175.235.78,36.226.150.3,25290,58680,6,2005-12-20 20:39:40,825.0,19,0,1026,0,54.0,54.0,54.0,0.0,0.0,0.0,0.0,0.0,1243636.3636363635,23030.303030303032,0.0,0.0,0.0,0.0,825,45.833333333333336,11.548208134213338,91.0,41.0,0.0,0.0,0.0,0.0,0.0,0,0,0,0,380,0,23030.303030303032,0.0,54,54,54.0,0.0,0.0,0,0,0,0,0,0,0,0,0.0,54.0,54.0,0.0,0.0,0.0,0.0,0.0,0.0,0.0,19,1026,0,0,512,0,0,20,0.0,0.0,0.0,0.0,0.0,0.0,0.0,0.0
253.98.102.67,64.4.76.55,59058,16030,6,2005-12-20 20:39:40,867.0,20,0,1080,0,54.0,54.0,54.0,0.0,0.0,0.0,0.0,0.0,1245674.740484429,23068.05074971165,0.0,0.0,0.0,0.0,867,45.63157894736842,11.272745550386885,91.0,41.0,0.0,0.0,0.0,0.0,0.0,0,0,0,0,400,0,23068.05074971165,0.0,54,54,54.0,0.0,0.0,0,0,0,0,0,0,0,0,0.0,54.0,54.0,0.0,0.0,0.0,0.0,0.0,0.0,0.0,20,1080,0,0,512,0,0,20,0.0,0.0,0.0,0.0,0.0,0.0,0.0,0.0
110.85.150.62,157.44.17.4,15542,27872,6,2005-12-20 20:39:40,909.0,21,0,1134,0,54.0,54.0,54.0,0.0,0.0,0.0,0.0,0.0,1247524.7524752475,23102.310231023104,0.0,0.0,0.0,0.0,909,45.45,11.01578413005629,91.0,41.0,0.0,0.0,0.0,0.0,0.0,0,0,0,0,420,0,23102.310231023104,0.0,54,54,54.0,0.0,0.0,0,0,0,0,0,0,0,0,0.0,54.0,54.0,0.0,0.0,0.0,0.0,0.0,0.0,0.0,21,1134,0,0,512,0,0,20,0.0,0.0,0.0,0.0,0.0,0.0,0.0,0.0
194.191.235.22,158.82.56.71,22897,14712,6,2005-12-20 20:39:40,951.0,22,0,1188,0,54.0,54.0,54.0,0.0,0.0,0.0,0.0,0.0,1249211.356466877,23133.5436382755,0.0,0.0,0.0,0.0,951,45.285714285714285,10.775381363896823,91.0,41.0,0.0,0.0,0.0,0.0,0.0,0,0,0,0,440,0,23133.5436382755,0.0,54,54,54.0,0.0,0.0,0,0,0,0,0,0,0,0,0.0,54.0,54.0,0.0,0.0,0.0,0.0,0.0,0.0,0.0,22,1188,0,0,512,0,0,20,0.0,0.0,0.0,0.0,0.0,0.0,0.0,0.0
180.92.87.110,163.227.85.10,33579,12734,6,2005-12-20 20:39:40,994.0000000000001,23,0,1242,0,54.0,54.0,54.0,0.0,0.0,0.0,0.0,0.0,1249496.981891348,23138.832997987927,0.0,0.0,0.0,0.0,994,45.18181818181818,10.538398893554438,91.0,41.0,0.0,0.0,0.0,0.0,0.0,0,0,0,0,460,0,23138.832997987927,0.0,54,54,54.0,0.0,0.0,0,0,0,0,0,0,0,0,0.0,54.0,54.0,0.0,0.0,0.0,0.0,0.0,0.0,0.0,23,1242,0,0,512,0,0,20,0.0,0.0,0.0,0.0,0.0,0.0,0.0,0.0
207.220.169.119,202.148.184.90,24104,4399,6,2005-12-20 20:39:40,1036.0,24,0,1296,0,54.0,54.0,54.0,0.0,0.0,0.0,0.0,0.0,1250965.250965251,23166.023166023166,0.0,0.0,0.0,0.0,1036,45.04347826086956,10.327162415391522,91.0,41.0,0.0,0.0,0.0,0.0,0.0,0,0,0,0,480,0,23166.023166023166,0.0,54,54,54.0,0.0,0.0,0,0,0,0,0,0,0,0,0.0,54.0,54.0,0.0,0.0,0.0,0.0,0.0,0.0,0.0,24,1296,0,0,512,0,0,20,0.0,0.0,0.0,0.0,0.0,0.0,0.0,0.0
104.132.37.21,184.240.177.29,62880,62206,6,2005-12-20 20:39:40,1078.0,25,0,1350,0,54.0,54.0,54.0,0.0,0.0,0.0,0.0,0.0,1252319.1094619667,23191.094619666048,0.0,0.0,0.0,0.0,1078,44.916666666666664,10.128000241355096,91.0,41.0,0.0,0.0,0.0,0.0,0.0,0,0,0,0,500,0,23191.094619666048,0.0,54,54,54.0,0.0,0.0,0,0,0,0,0,0,0,0,0.0,54.0,54.0,0.0,0.0,0.0,0.0,0.0,0.0,0.0,25,1350,0,0,512,0,0,20,0.0,0.0,0.0,0.0,0.0,0.0,0.0,0.0
178.104.17.16,255.31.232.95,21754,64494,6,2005-12-20 20:39:40,1121.0,26,0,1404,0,54.0,54.0,54.0,0.0,0.0,0.0,0.0,0.0,1252453.1668153433,23193.5771632471,0.0,0.0,0.0,0.0,1121,44.84,9.930478336918117,91.0,41.0,0.0,0.0,0.0,0.0,0.0,0,0,0,0,520,0,23193.5771632471,0.0,54,54,54.0,0.0,0.0,0,0,0,0,0,0,0,0,0.0,54.0,54.0,0.0,0.0,0.0,0.0,0.0,0.0,0.0,26,1404,0,0,512,0,0,20,0.0,0.0,0.0,0.0,0.0,0.0,0.0,0.0
231.87.174.39,122.29.141.1,10698,56765,6,2005-12-20 20:39:40,1163.0,27,0,1458,0,54.0,54.0,54.0,0.0,0.0,0.0,0.0,0.0,1253654.3422184007,23215.821152192606,0.0,0.0,0.0,0.0,1163,44.73076923076923,9.752939171614221,91.0,41.0,0.0,0.0,0.0,0.0,0.0,0,0,0,0,540,0,23215.821152192606,0.0,54,54,54.0,0.0,0.0,0,0,0,0,0,0,0,0,0.0,54.0,54.0,0.0,0.0,0.0,0.0,0.0,0.0,0.0,27,1458,0,0,512,0,0,20,0.0,0.0,0.0,0.0,0.0,0.0,0.0,0.0
86.201.95.3,206.99.196.97,64599,49750,6,2005-12-20 20:39:40,1205.0,28,0,1512,0,54.0,54.0,54.0,0.0,0.0,0.0,0.0,0.0,1254771.7842323652,23236.514522821577,0.0,0.0,0.0,0.0,1205,44.629629629629626,9.584509679099485,91.0,41.0,0.0,0.0,0.0,0.0,0.0,0,0,0,0,560,0,23236.514522821577,0.0,54,54,54.0,0.0,0.0,0,0,0,0,0,0,0,0,0.0,54.0,54.0,0.0,0.0,0.0,0.0,0.0,0.0,0.0,28,1512,0,0,512,0,0,20,0.0,0.0,0.0,0.0,0.0,0.0,0.0,0.0
171.182.84.8,201.255.89.110,60362,5115,6,2005-12-20 20:39:40,1247.0,29,0,1566,0,54.0,54.0,54.0,0.0,0.0,0.0,0.0,0.0,1255813.953488372,23255.81395348837,0.0,0.0,0.0,0.0,1247,44.535714285714285,9.424444443107747,91.0,41.0,0.0,0.0,0.0,0.0,0.0,0,0,0,0,580,0,23255.81395348837,0.0,54,54,54.0,0.0,0.0,0,0,0,0,0,0,0,0,0.0,54.0,54.0,0.0,0.0,0.0,0.0,0.0,0.0,0.0,29,1566,0,0,512,0,0,20,0.0,0.0,0.0,0.0,0.0,0.0,0.0,0.0
239.251.49.7,9.178.24.61,32545,11499,6,2005-12-20 20:39:40,1288.0,30,0,1620,0,54.0,54.0,54.0,0.0,0.0,0.0,0.0,0.0,1257763.9751552795,23291.925465838507,0.0,0.0,0.0,0.0,1288,44.41379310344828,9.282973815203054,91.0,41.0,0.0,0.0,0.0,0.0,0.0,0,0,0,0,600,0,23291.925465838507,0.0,54,54,54.0,0.0,0.0,0,0,0,0,0,0,0,0,0.0,54.0,54.0,0.0,0.0,0.0,0.0,0.0,0.0,0.0,30,1620,0,0,512,0,0,20,0.0,0.0,0.0,0.0,0.0,0.0,0.0,0.0
172.160.82.80,170.127.80.109,9392,60758,6,2005-12-20 20:39:40,1330.0,31,0,1674,0,54.0,54.0,54.0,0.0,0.0,0.0,0.0,0.0,1258646.6165413533,23308.27067669173,0.0,0.0,0.0,0.0,1330,44.333333333333336,9.137225448071689,91.0,41.0,0.0,0.0,0.0,0.0,0.0,0,0,0,0,620,0,23308.27067669173,0.0,54,54,54.0,0.0,0.0,0,0,0,0,0,0,0,0,0.0,54.0,54.0,0.0,0.0,0.0,0.0,0.0,0.0,0.0,31,1674,0,0,512,0,0,20,0.0,0.0,0.0,0.0,0.0,0.0,0.0,0.0
92.14.223.67,100.19.220.96,38162,48645,6,2005-12-20 20:39:40,1372.0,32,0,1728,0,54.0,54.0,54.0,0.0,0.0,0.0,0.0,0.0,1259475.2186588922,23323.615160349855,0.0,0.0,0.0,0.0,1372,44.25806451612903,8.998092062767041,91.0,41.0,0.0,0.0,0.0,0.0,0.0,0,0,0,0,640,0,23323.615160349855,0.0,54,54,54.0,0.0,0.0,0,0,0,0,0,0,0,0,0.0,54.0,54.0,0.0,0.0,0.0,0.0,0.0,0.0,0.0,32,1728,0,0,512,0,0,20,0.0,0.0,0.0,0.0,0.0,0.0,0.0,0.0
42.121.183.4,177.246.110.84,47652,64770,6,2005-12-20 20:39:40,1415.0,33,0,1782,0,54.0,54.0,54.0,0.0,0.0,0.0,0.0,0.0,1259363.957597173,23321.55477031802,0.0,0.0,0.0,0.0,1415,44.21875,8.859085643422802,91.0,41.0,0.0,0.0,0.0,0.0,0.0,0,0,0,0,660,0,23321.55477031802,0.0,54,54,54.0,0.0,0.0,0,0,0,0,0,0,0,0,0.0,54.0,54.0,0.0,0.0,0.0,0.0,0.0,0.0,0.0,33,1782,0,0,512,0,0,20,0.0,0.0,0.0,0.0,0.0,0.0,0.0,0.0
224.127.95.10,12.32.8.91,14745,44783,6,2005-12-20 20:39:40,1468.0,34,0,1836,0,54.0,54.0,54.0,0.0,0.0,0.0,0.0,0.0,1250681.1989100818,23160.762942779293,0.0,0.0,0.0,0.0,1468,44.484848484848484,8.852738703519986,91.0,41.0,0.0,0.0,0.0,0.0,0.0,0,0,0,0,680,0,23160.762942779293,0.0,54,54,54.0,0.0,0.0,0,0,0,0,0,0,0,0,0.0,54.0,54.0,0.0,0.0,0.0,0.0,0.0,0.0,0.0,34,1836,0,0,512,0,0,20,0.0,0.0,0.0,0.0,0.0,0.0,0.0,0.0
72.251.163.69,163.80.218.80,46514,54782,6,2005-12-20 20:39:40,1510.0,35,0,1890,0,54.0,54.0,54.0,0.0,0.0,0.0,0.0,0.0,1251655.6291390727,23178.807947019868,0.0,0.0,0.0,0.0,1510,44.411764705882355,8.731678792355567,91.0,41.0,0.0,0.0,0.0,0.0,0.0,0,0,0,0,700,0,23178.807947019868,0.0,54,54,54.0,0.0,0.0,0,0,0,0,0,0,0,0,0.0,54.0,54.0,0.0,0.0,0.0,0.0,0.0,0.0,0.0,35,1890,0,0,512,0,0,20,0.0,0.0,0.0,0.0,0.0,0.0,0.0,0.0
58.133.194.0,80.22.70.67,59459,16417,6,2005-12-20 20:39:40,1552.0,36,0,1944,0,54.0,54.0,54.0,0.0,0.0,0.0,0.0,0.0,1252577.3195876288,23195.876288659794,0.0,0.0,0.0,0.0,1552,44.34285714285714,8.615410966544136,91.0,41.0,0.0,0.0,0.0,0.0,0.0,0,0,0,0,720,0,23195.876288659794,0.0,54,54,54.0,0.0,0.0,0,0,0,0,0,0,0,0,0.0,54.0,54.0,0.0,0.0,0.0,0.0,0.0,0.0,0.0,36,1944,0,0,512,0,0,20,0.0,0.0,0.0,0.0,0.0,0.0,0.0,0.0
83.193.62.14,229.39.205.109,52301,2347,6,2005-12-20 20:39:40,1594.0,37,0,1998,0,54.0,54.0,54.0,0.0,0.0,0.0,0.0,0.0,1253450.4391468007,23212.045169385194,0.0,0.0,0.0,0.0,1594,44.27777777777778,8.503630306819653,91.0,41.0,0.0,0.0,0.0,0.0,0.0,0,0,0,0,740,0,23212.045169385194,0.0,54,54,54.0,0.0,0.0,0,0,0,0,0,0,0,0,0.0,54.0,54.0,0.0,0.0,0.0,0.0,0.0,0.0,0.0,37,1998,0,0,512,0,0,20,0.0,0.0,0.0,0.0,0.0,0.0,0.0,0.0
181.139.144.6,124.130.36.13,25300,18424,6,2005-12-20 20:39:40,1637.0,38,0,2052,0,54.0,54.0,54.0,0.0,0.0,0.0,0.0,0.0,1253512.5229077581,23213.194868662187,0.0,0.0,0.0,0.0,1637,44.24324324324324,8.390488197004746,91.0,41.0,0.0,0.0,0.0,0.0,0.0,0,0,0,0,760,0,23213.194868662187,0.0,54,54,54.0,0.0,0.0,0,0,0,0,0,0,0,0,0.0,54.0,54.0,0.0,0.0,0.0,0.0,0.0,0.0,0.0,38,2052,0,0,512,0,0,20,0.0,0.0,0.0,0.0,0.0,0.0,0.0,0.0
117.114.114.101,32.13.45.118,47920,16428,6,2005-12-20 20:39:40,1678.0,39,0,2106,0,54.0,54.0,54.0,0.0,0.0,0.0,0.0,0.0,1255065.5542312276,23241.954707985697,0.0,0.0,0.0,0.0,1678,44.1578947368421,8.295611762566729,91.0,41.0,0.0,0.0,0.0,0.0,0.0,0,0,0,0,780,0,23241.954707985697,0.0,54,54,54.0,0.0,0.0,0,0,0,0,0,0,0,0,0.0,54.0,54.0,0.0,0.0,0.0,0.0,0.0,0.0,0.0,39,2106,0,0,512,0,0,20,0.0,0.0,0.0,0.0,0.0,0.0,0.0,0.0
218.117.243.101,37.125.42.103,49568,10267,6,2005-12-20 20:39:40,1721.0,40,0,2160,0,54.0,54.0,54.0,0.0,0.0,0.0,0.0,0.0,1255084.2533410806,23242.30098779779,0.0,0.0,0.0,0.0,1721,44.12820512820513,8.190612159519336,91.0,41.0,0.0,0.0,0.0,0.0,0.0,0,0,0,0,800,0,23242.30098779779,0.0,54,54,54.0,0.0,0.0,0,0,0,0,0,0,0,0,0.0,54.0,54.0,0.0,0.0,0.0,0.0,0.0,0.0,0.0,40,2160,0,0,512,0,0,20,0.0,0.0,0.0,0.0,0.0,0.0,0.0,0.0
232.36.254.123,200.138.148.94,15146,33722,6,2005-12-20 20:39:40,1763.0,41,0,2214,0,54.0,54.0,54.0,0.0,0.0,0.0,0.0,0.0,1255813.953488372,23255.81395348837,0.0,0.0,0.0,0.0,1763,44.075,8.094403931111913,91.0,41.0,0.0,0.0,0.0,0.0,0.0,0,0,0,0,820,0,23255.81395348837,0.0,54,54,54.0,0.0,0.0,0,0,0,0,0,0,0,0,0.0,54.0,54.0,0.0,0.0,0.0,0.0,0.0,0.0,0.0,41,2214,0,0,512,0,0,20,0.0,0.0,0.0,0.0,0.0,0.0,0.0,0.0
164.28.48.124,242.60.132.118,50864,21510,6,2005-12-20 20:39:40,6408.0,42,0,2268,0,54.0,54.0,54.0,0.0,0.0,0.0,0.0,0.0,353932.58426966297,6554.307116104869,0.0,0.0,0.0,0.0,6408,156.29268292682926,709.7719745102078,4645.0,41.0,0.0,0.0,0.0,0.0,0.0,0,0,0,0,840,0,6554.307116104869,0.0,54,54,54.0,0.0,0.0,0,0,0,0,0,0,0,0,0.0,54.0,54.0,0.0,0.0,0.0,0.0,0.0,0.0,0.0,42,2268,0,0,512,0,0,20,0.0,0.0,0.0,0.0,0.0,0.0,0.0,0.0
226.44.42.19,225.91.159.20,57053,430,6,2005-12-20 20:39:40,6524.0,43,0,2322,0,54.0,54.0,54.0,0.0,0.0,0.0,0.0,0.0,355916.6155732679,6591.048436541999,0.0,0.0,0.0,0.0,6524,155.33333333333334,701.2983084681707,4645.0,41.0,0.0,0.0,0.0,0.0,0.0,0,0,0,0,860,0,6591.048436541999,0.0,54,54,54.0,0.0,0.0,0,0,0,0,0,0,0,0,0.0,54.0,54.0,0.0,0.0,0.0,0.0,0.0,0.0,0.0,43,2322,0,0,512,0,0,20,0.0,0.0,0.0,0.0,0.0,0.0,0.0,0.0
186.227.63.61,254.64.206.11,18532,23588,6,2005-12-20 20:39:40,6567.0,44,0,2376,0,54.0,54.0,54.0,0.0,0.0,0.0,0.0,0.0,361809.04522613063,6700.167504187605,0.0,0.0,0.0,0.0,6567,152.72093023255815,693.3024550750474,4645.0,41.0,0.0,0.0,0.0,0.0,0.0,0,0,0,0,880,0,6700.167504187605,0.0,54,54,54.0,0.0,0.0,0,0,0,0,0,0,0,0,0.0,54.0,54.0,0.0,0.0,0.0,0.0,0.0,0.0,0.0,44,2376,0,0,512,0,0,20,0.0,0.0,0.0,0.0,0.0,0.0,0.0,0.0
120.239.131.106,45.222.153.107,3060,41132,6,2005-12-20 20:39:40,6609.0,45,0,2430,0,54.0,54.0,54.0,0.0,0.0,0.0,0.0,0.0,367680.43576940533,6808.896958692691,0.0,0.0,0.0,0.0,6609,150.20454545454547,685.5773472557622,4645.0,41.0,0.0,0.0,0.0,0.0,0.0,0,0,0,0,900,0,6808.896958692691,0.0,54,54,54.0,0.0,0.0,0,0,0,0,0,0,0,0,0.0,54.0,54.0,0.0,0.0,0.0,0.0,0.0,0.0,0.0,45,2430,0,0,512,0,0,20,0.0,0.0,0.0,0.0,0.0,0.0,0.0,0.0
180.226.118.27,232.130.218.80,45055,23816,6,2005-12-20 20:39:40,6650.0,46,0,2484,0,54.0,54.0,54.0,0.0,0.0,0.0,0.0,0.0,373533.8345864662,6917.293233082707,0.0,0.0,0.0,0.0,6650,147.77777777777777,678.1081162203787,4645.0,41.0,0.0,0.0,0.0,0.0,0.0,0,0,0,0,920,0,6917.293233082707,0.0,54,54,54.0,0.0,0.0,0,0,0,0,0,0,0,0,0.0,54.0,54.0,0.0,0.0,0.0,0.0,0.0,0.0,0.0,46,2484,0,0,512,0,0,20,0.0,0.0,0.0,0.0,0.0,0.0,0.0,0.0
7.172.97.16,80.45.181.49,41491,33996,6,2005-12-20 20:39:40,6691.0,47,0,2538,0,54.0,54.0,54.0,0.0,0.0,0.0,0.0,0.0,379315.49843072786,7024.3610820505155,0.0,0.0,0.0,0.0,6691,145.45652173913044,670.8776116765049,4645.0,41.0,0.0,0.0,0.0,0.0,0.0,0,0,0,0,940,0,7024.3610820505155,0.0,54,54,54.0,0.0,0.0,0,0,0,0,0,0,0,0,0.0,54.0,54.0,0.0,0.0,0.0,0.0,0.0,0.0,0.0,47,2538,0,0,512,0,0,20,0.0,0.0,0.0,0.0,0.0,0.0,0.0,0.0
89.236.61.36,155.239.149.115,31039,7307,6,2005-12-20 20:39:40,6732.0,48,0,2592,0,54.0,54.0,54.0,0.0,0.0,0.0,0.0,0.0,385026.73796791444,7130.124777183601,0.0,0.0,0.0,0.0,6732,143.2340425531915,663.8733925940217,4645.0,41.0,0.0,0.0,0.0,0.0,0.0,0,0,0,0,960,0,7130.124777183601,0.0,54,54,54.0,0.0,0.0,0,0,0,0,0,0,0,0,0.0,54.0,54.0,0.0,0.0,0.0,0.0,0.0,0.0,0.0,48,2592,0,0,512,0,0,20,0.0,0.0,0.0,0.0,0.0,0.0,0.0,0.0
144.29.153.80,97.240.116.40,33691,7721,6,2005-12-20 20:39:40,6773.0,49,0,2646,0,54.0,54.0,54.0,0.0,0.0,0.0,0.0,0.0,390668.8321275653,7234.608002362321,0.0,0.0,0.0,0.0,6773,141.10416666666666,657.0839063488307,4645.0,41.0,0.0,0.0,0.0,0.0,0.0,0,0,0,0,980,0,7234.608002362321,0.0,54,54,54.0,0.0,0.0,0,0,0,0,0,0,0,0,0.0,54.0,54.0,0.0,0.0,0.0,0.0,0.0,0.0,0.0,49,2646,0,0,512,0,0,20,0.0,0.0,0.0,0.0,0.0,0.0,0.0,0.0
24.58.110.58,44.83.168.31,33750,38553,6,2005-12-20 20:39:40,6814.0,50,0,2700,0,54.0,54.0,54.0,0.0,0.0,0.0,0.0,0.0,396243.02905782213,7337.833871441151,0.0,0.0,0.0,0.0,6814,139.0612244897959,650.4984088566483,4645.0,41.0,0.0,0.0,0.0,0.0,0.0,0,0,0,0,1000,0,7337.833871441151,0.0,54,54,54.0,0.0,0.0,0,0,0,0,0,0,0,0,0.0,54.0,54.0,0.0,0.0,0.0,0.0,0.0,0.0,0.0,50,2700,0,0,512,0,0,20,0.0,0.0,0.0,0.0,0.0,0.0,0.0,0.0
120.45.40.120,236.82.196.52,30106,40671,6,2005-12-20 20:39:40,6855.0,51,0,2754,0,54.0,54.0,54.0,0.0,0.0,0.0,0.0,0.0,401750.5470459519,7439.824945295405,0.0,0.0,0.0,0.0,6855,137.1,644.1068933026567,4645.0,41.0,0.0,0.0,0.0,0.0,0.0,0,0,0,0,1020,0,7439.824945295405,0.0,54,54,54.0,0.0,0.0,0,0,0,0,0,0,0,0,0.0,54.0,54.0,0.0,0.0,0.0,0.0,0.0,0.0,0.0,51,2754,0,0,512,0,0,20,0.0,0.0,0.0,0.0,0.0,0.0,0.0,0.0
242.81.69.30,239.135.93.14,59757,62418,6,2005-12-20 20:39:40,6896.0,52,0,2808,0,54.0,54.0,54.0,0.0,0.0,0.0,0.0,0.0,407192.5754060325,7540.60324825986,0.0,0.0,0.0,0.0,6896,135.2156862745098,637.9000263956018,4645.0,41.0,0.0,0.0,0.0,0.0,0.0,0,0,0,0,1040,0,7540.60324825986,0.0,54,54,54.0,0.0,0.0,0,0,0,0,0,0,0,0,0.0,54.0,54.0,0.0,0.0,0.0,0.0,0.0,0.0,0.0,52,2808,0,0,512,0,0,20,0.0,0.0,0.0,0.0,0.0,0.0,0.0,0.0
235.236.31.83,204.102.69.12,63006,17377,6,2005-12-20 20:39:40,6937.0,53,0,2862,0,54.0,54.0,54.0,0.0,0.0,0.0,0.0,0.0,412570.2753351593,7640.1902839844315,0.0,0.0,0.0,0.0,6937,133.40384615384616,631.8690912259798,4645.0,41.0,0.0,0.0,0.0,0.0,0.0,0,0,0,0,1060,0,7640.1902839844315,0.0,54,54,54.0,0.0,0.0,0,0,0,0,0,0,0,0,0.0,54.0,54.0,0.0,0.0,0.0,0.0,0.0,0.0,0.0,53,2862,0,0,512,0,0,20,0.0,0.0,0.0,0.0,0.0,0.0,0.0,0.0
110.51.220.113,244.105.148.31,33195,39653,6,2005-12-20 20:39:40,6978.0,54,0,2916,0,54.0,54.0,54.0,0.0,0.0,0.0,0.0,0.0,417884.7807394669,7738.607050730869,0.0,0.0,0.0,0.0,6978,131.66037735849056,626.0059359353334,4645.0,41.0,0.0,0.0,0.0,0.0,0.0,0,0,0,0,1080,0,7738.607050730869,0.0,54,54,54.0,0.0,0.0,0,0,0,0,0,0,0,0,0.0,54.0,54.0,0.0,0.0,0.0,0.0,0.0,0.0,0.0,54,2916,0,0,512,0,0,20,0.0,0.0,0.0,0.0,0.0,0.0,0.0,0.0
39.128.198.46,208.77.172.8,53964,39003,6,2005-12-20 20:39:40,7019.0,55,0,2970,0,54.0,54.0,54.0,0.0,0.0,0.0,0.0,0.0,423137.199031201,7835.8740561333525,0.0,0.0,0.0,0.0,7019,129.9814814814815,620.3029275114593,4645.0,41.0,0.0,0.0,0.0,0.0,0.0,0,0,0,0,1100,0,7835.8740561333525,0.0,54,54,54.0,0.0,0.0,0,0,0,0,0,0,0,0,0.0,54.0,54.0,0.0,0.0,0.0,0.0,0.0,0.0,0.0,55,2970,0,0,512,0,0,20,0.0,0.0,0.0,0.0,0.0,0.0,0.0,0.0
95.17.24.9,119.240.16.114,59716,4246,6,2005-12-20 20:39:40,7060.0,56,0,3024,0,54.0,54.0,54.0,0.0,0.0,0.0,0.0,0.0,428328.611898017,7932.011331444759,0.0,0.0,0.0,0.0,7060,128.36363636363637,614.7529101158186,4645.0,41.0,0.0,0.0,0.0,0.0,0.0,0,0,0,0,1120,0,7932.011331444759,0.0,54,54,54.0,0.0,0.0,0,0,0,0,0,0,0,0,0.0,54.0,54.0,0.0,0.0,0.0,0.0,0.0,0.0,0.0,56,3024,0,0,512,0,0,20,0.0,0.0,0.0,0.0,0.0,0.0,0.0,0.0
133.27.192.7,196.241.88.57,27591,42224,6,2005-12-20 20:39:40,7101.0,57,0,3078,0,54.0,54.0,54.0,0.0,0.0,0.0,0.0,0.0,433460.0760456274,8027.038445289396,0.0,0.0,0.0,0.0,7101,126.80357142857143,609.3491674273362,4645.0,41.0,0.0,0.0,0.0,0.0,0.0,0,0,0,0,1140,0,8027.038445289396,0.0,54,54,54.0,0.0,0.0,0,0,0,0,0,0,0,0,0.0,54.0,54.0,0.0,0.0,0.0,0.0,0.0,0.0,0.0,57,3078,0,0,512,0,0,20,0.0,0.0,0.0,0.0,0.0,0.0,0.0,0.0
207.83.17.67,93.86.21.75,1946,27054,6,2005-12-20 20:39:40,7143.0,58,0,3132,0,54.0,54.0,54.0,0.0,0.0,0.0,0.0,0.0,438471.2305753885,8119.837603247935,0.0,0.0,0.0,0.0,7143,125.3157894736842,604.0829546233547,4645.0,41.0,0.0,0.0,0.0,0.0,0.0,0,0,0,0,1160,0,8119.837603247935,0.0,54,54,54.0,0.0,0.0,0,0,0,0,0,0,0,0,0.0,54.0,54.0,0.0,0.0,0.0,0.0,0.0,0.0,0.0,58,3132,0,0,512,0,0,20,0.0,0.0,0.0,0.0,0.0,0.0,0.0,0.0
91.28.78.11,27.84.114.47,30199,4334,6,2005-12-20 20:39:40,7184.0,59,0,3186,0,54.0,54.0,54.0,0.0,0.0,0.0,0.0,0.0,443485.52338530065,8212.694877505568,0.0,0.0,0.0,0.0,7184,123.86206896551724,598.9532665056502,4645.0,41.0,0.0,0.0,0.0,0.0,0.0,0,0,0,0,1180,0,8212.694877505568,0.0,54,54,54.0,0.0,0.0,0,0,0,0,0,0,0,0,0.0,54.0,54.0,0.0,0.0,0.0,0.0,0.0,0.0,0.0,59,3186,0,0,512,0,0,20,0.0,0.0,0.0,0.0,0.0,0.0,0.0,0.0
63.78.121.38,178.156.62.76,46286,57471,6,2005-12-20 20:39:40,7225.0,60,0,3240,0,54.0,54.0,54.0,0.0,0.0,0.0,0.0,0.0,448442.9065743945,8304.498269896194,0.0,0.0,0.0,0.0,7225,122.45762711864407,593.9520131856199,4645.0,41.0,0.0,0.0,0.0,0.0,0.0,0,0,0,0,1200,0,8304.498269896194,0.0,54,54,54.0,0.0,0.0,0,0,0,0,0,0,0,0,0.0,54.0,54.0,0.0,0.0,0.0,0.0,0.0,0.0,0.0,60,3240,0,0,512,0,0,20,0.0,0.0,0.0,0.0,0.0,0.0,0.0,0.0
236.213.233.51,120.223.153.12,2215,4464,6,2005-12-20 20:39:40,7266.0,61,0,3294,0,54.0,54.0,54.0,0.0,0.0,0.0,0.0,0.0,453344.34351775394,8395.265620699147,0.0,0.0,0.0,0.0,7266,121.1,589.0739257512591,4645.0,41.0,0.0,0.0,0.0,0.0,0.0,0,0,0,0,1220,0,8395.265620699147,0.0,54,54,54.0,0.0,0.0,0,0,0,0,0,0,0,0,0.0,54.0,54.0,0.0,0.0,0.0,0.0,0.0,0.0,0.0,61,3294,0,0,512,0,0,20,0.0,0.0,0.0,0.0,0.0,0.0,0.0,0.0
58.92.229.125,102.23.46.4,20477,53270,6,2005-12-20 20:39:40,7307.0,62,0,3348,0,54.0,54.0,54.0,0.0,0.0,0.0,0.0,0.0,458190.7759682496,8485.0143697824,0.0,0.0,0.0,0.0,7307,119.78688524590164,584.3140328695958,4645.0,41.0,0.0,0.0,0.0,0.0,0.0,0,0,0,0,1240,0,8485.0143697824,0.0,54,54,54.0,0.0,0.0,0,0,0,0,0,0,0,0,0.0,54.0,54.0,0.0,0.0,0.0,0.0,0.0,0.0,0.0,62,3348,0,0,512,0,0,20,0.0,0.0,0.0,0.0,0.0,0.0,0.0,0.0
177.216.98.97,230.250.107.112,6932,28386,6,2005-12-20 20:39:40,7348.0,63,0,3402,0,54.0,54.0,54.0,0.0,0.0,0.0,0.0,0.0,462983.12465977133,8573.761567773543,0.0,0.0,0.0,0.0,7348,118.51612903225806,579.6676395319128,4645.0,41.0,0.0,0.0,0.0,0.0,0.0,0,0,0,0,1260,0,8573.761567773543,0.0,54,54,54.0,0.0,0.0,0,0,0,0,0,0,0,0,0.0,54.0,54.0,0.0,0.0,0.0,0.0,0.0,0.0,0.0,63,3402,0,0,512,0,0,20,0.0,0.0,0.0,0.0,0.0,0.0,0.0,0.0
46.64.134.103,72.179.61.88,10998,12380,6,2005-12-20 20:39:40,7389.0,64,0,3456,0,54.0,54.0,54.0,0.0,0.0,0.0,0.0,0.0,467722.2898903776,8661.523886858844,0.0,0.0,0.0,0.0,7389,117.28571428571429,575.1303076245412,4645.0,41.0,0.0,0.0,0.0,0.0,0.0,0,0,0,0,1280,0,8661.523886858844,0.0,54,54,54.0,0.0,0.0,0,0,0,0,0,0,0,0,0.0,54.0,54.0,0.0,0.0,0.0,0.0,0.0,0.0,0.0,64,3456,0,0,512,0,0,20,0.0,0.0,0.0,0.0,0.0,0.0,0.0,0.0
178.52.12.24,253.131.138.29,33360,7355,6,2005-12-20 20:39:40,7430.0,65,0,3510,0,54.0,54.0,54.0,0.0,0.0,0.0,0.0,0.0,472409.15208613727,8748.317631224765,0.0,0.0,0.0,0.0,7430,116.09375,570.697838142863,4645.0,41.0,0.0,0.0,0.0,0.0,0.0,0,0,0,0,1300,0,8748.317631224765,0.0,54,54,54.0,0.0,0.0,0,0,0,0,0,0,0,0,0.0,54.0,54.0,0.0,0.0,0.0,0.0,0.0,0.0,0.0,65,3510,0,0,512,0,0,20,0.0,0.0,0.0,0.0,0.0,0.0,0.0,0.0
113.200.199.71,182.154.146.126,58054,43853,6,2005-12-20 20:39:40,7481.0,66,0,3564,0,54.0,54.0,54.0,0.0,0.0,0.0,0.0,0.0,476406.8974735998,8822.34995321481,0.0,0.0,0.0,0.0,7481,115.0923076923077,566.3475074294912,4645.0,41.0,0.0,0.0,0.0,0.0,0.0,0,0,0,0,1320,0,8822.34995321481,0.0,54,54,54.0,0.0,0.0,0,0,0,0,0,0,0,0,0.0,54.0,54.0,0.0,0.0,0.0,0.0,0.0,0.0,0.0,66,3564,0,0,512,0,0,20,0.0,0.0,0.0,0.0,0.0,0.0,0.0,0.0
173.103.22.73,243.85.218.64,57720,56249,6,2005-12-20 20:39:40,7522.0,67,0,3618,0,54.0,54.0,54.0,0.0,0.0,0.0,0.0,0.0,480989.09864397766,8907.205530444031,0.0,0.0,0.0,0.0,7522,113.96969696969697,562.1134892877968,4645.0,41.0,0.0,0.0,0.0,0.0,0.0,0,0,0,0,1340,0,8907.205530444031,0.0,54,54,54.0,0.0,0.0,0,0,0,0,0,0,0,0,0.0,54.0,54.0,0.0,0.0,0.0,0.0,0.0,0.0,0.0,67,3618,0,0,512,0,0,20,0.0,0.0,0.0,0.0,0.0,0.0,0.0,0.0
241.155.197.4,129.218.250.112,17759,8967,6,2005-12-20 20:39:40,7563.0,68,0,3672,0,54.0,54.0,54.0,0.0,0.0,0.0,0.0,0.0,485521.61840539466,8991.141081581383,0.0,0.0,0.0,0.0,7563,112.88059701492537,557.9729978591635,4645.0,41.0,0.0,0.0,0.0,0.0,0.0,0,0,0,0,1360,0,8991.141081581383,0.0,54,54,54.0,0.0,0.0,0,0,0,0,0,0,0,0,0.0,54.0,54.0,0.0,0.0,0.0,0.0,0.0,0.0,0.0,68,3672,0,0,512,0,0,20,0.0,0.0,0.0,0.0,0.0,0.0,0.0,0.0
181.232.211.119,187.125.146.39,51799,49999,6,2005-12-20 20:39:40,7604.0,69,0,3726,0,54.0,54.0,54.0,0.0,0.0,0.0,0.0,0.0,490005.2603892688,9074.171488690163,0.0,0.0,0.0,0.0,7604,111.82352941176471,553.9226411580802,4645.0,41.0,0.0,0.0,0.0,0.0,0.0,0,0,0,0,1380,0,9074.171488690163,0.0,54,54,54.0,0.0,0.0,0,0,0,0,0,0,0,0,0.0,54.0,54.0,0.0,0.0,0.0,0.0,0.0,0.0,0.0,69,3726,0,0,512,0,0,20,0.0,0.0,0.0,0.0,0.0,0.0,0.0,0.0
125.12.84.110,1.213.35.32,30671,56393,6,2005-12-20 20:39:40,7645.0,70,0,3780,0,54.0,54.0,54.0,0.0,0.0,0.0,0.0,0.0,494440.8109875736,9156.311314584696,0.0,0.0,0.0,0.0,7645,110.79710144927536,549.9591968977953,4645.0,41.0,0.0,0.0,0.0,0.0,0.0,0,0,0,0,1400,0,9156.311314584696,0.0,54,54,54.0,0.0,0.0,0,0,0,0,0,0,0,0,0.0,54.0,54.0,0.0,0.0,0.0,0.0,0.0,0.0,0.0,70,3780,0,0,512,0,0,20,0.0,0.0,0.0,0.0,0.0,0.0,0.0,0.0
244.41.51.39,131.166.40.115,42226,38534,6,2005-12-20 20:39:40,7687.0,71,0,3834,0,54.0,54.0,54.0,0.0,0.0,0.0,0.0,0.0,498764.1472616105,9236.373097437232,0.0,0.0,0.0,0.0,7687,109.81428571428572,546.0778147809325,4645.0,41.0,0.0,0.0,0.0,0.0,0.0,0,0,0,0,1420,0,9236.373097437232,0.0,54,54,54.0,0.0,0.0,0,0,0,0,0,0,0,0,0.0,54.0,54.0,0.0,0.0,0.0,0.0,0.0,0.0,0.0,71,3834,0,0,512,0,0,20,0.0,0.0,0.0,0.0,0.0,0.0,0.0,0.0
115.108.40.83,91.34.108.52,34790,2547,6,2005-12-20 20:39:40,7728.0,72,0,3888,0,54.0,54.0,54.0,0.0,0.0,0.0,0.0,0.0,503105.59006211185,9316.770186335405,0.0,0.0,0.0,0.0,7728,108.84507042253522,542.279192368377,4645.0,41.0,0.0,0.0,0.0,0.0,0.0,0,0,0,0,1440,0,9316.770186335405,0.0,54,54,54.0,0.0,0.0,0,0,0,0,0,0,0,0,0.0,54.0,54.0,0.0,0.0,0.0,0.0,0.0,0.0,0.0,72,3888,0,0,512,0,0,20,0.0,0.0,0.0,0.0,0.0,0.0,0.0,0.0
83.183.174.53,4.171.45.77,38396,25810,6,2005-12-20 20:39:40,7769.0,73,0,3942,0,54.0,54.0,54.0,0.0,0.0,0.0,0.0,0.0,507401.2099369288,9396.318702535718,0.0,0.0,0.0,0.0,7769,107.90277777777777,538.5587288650406,4645.0,41.0,0.0,0.0,0.0,0.0,0.0,0,0,0,0,1460,0,9396.318702535718,0.0,54,54,54.0,0.0,0.0,0,0,0,0,0,0,0,0,0.0,54.0,54.0,0.0,0.0,0.0,0.0,0.0,0.0,0.0,73,3942,0,0,512,0,0,20,0.0,0.0,0.0,0.0,0.0,0.0,0.0,0.0
174.99.252.36,90.73.247.27,46699,44445,6,2005-12-20 20:39:40,7810.0,74,0,3996,0,54.0,54.0,54.0,0.0,0.0,0.0,0.0,0.0,511651.728553137,9475.032010243278,0.0,0.0,0.0,0.0,7810,106.98630136986301,534.9137811245894,4645.0,41.0,0.0,0.0,0.0,0.0,0.0,0,0,0,0,1480,0,9475.032010243278,0.0,54,54,54.0,0.0,0.0,0,0,0,0,0,0,0,0,0.0,54.0,54.0,0.0,0.0,0.0,0.0,0.0,0.0,0.0,74,3996,0,0,512,0,0,20,0.0,0.0,0.0,0.0,0.0,0.0,0.0,0.0
22.203.223.96,225.212.102.108,34765,46044,6,2005-12-20 20:39:40,7851.0,75,0,4050,0,54.0,54.0,54.0,0.0,0.0,0.0,0.0,0.0,515857.85250286583,9552.923194497516,0.0,0.0,0.0,0.0,7851,106.0945945945946,531.341829428581,4645.0,41.0,0.0,0.0,0.0,0.0,0.0,0,0,0,0,1500,0,9552.923194497516,0.0,54,54,54.0,0.0,0.0,0,0,0,0,0,0,0,0,0.0,54.0,54.0,0.0,0.0,0.0,0.0,0.0,0.0,0.0,75,4050,0,0,512,0,0,20,0.0,0.0,0.0,0.0,0.0,0.0,0.0,0.0
120.36.16.36,93.95.138.59,33263,56964,6,2005-12-20 20:39:40,7892.0,76,0,4104,0,54.0,54.0,54.0,0.0,0.0,0.0,0.0,0.0,520020.2736948809,9630.005068423721,0.0,0.0,0.0,0.0,7892,105.22666666666667,527.8404701759382,4645.0,41.0,0.0,0.0,0.0,0.0,0.0,0,0,0,0,1520,0,9630.005068423721,0.0,54,54,54.0,0.0,0.0,0,0,0,0,0,0,0,0,0.0,54.0,54.0,0.0,0.0,0.0,0.0,0.0,0.0,0.0,76,4104,0,0,512,0,0,20,0.0,0.0,0.0,0.0,0.0,0.0,0.0,0.0
153.175.171.16,7.226.67.44,48859,30385,6,2005-12-20 20:39:40,7933.000000000001,77,0,4158,0,54.0,54.0,54.0,0.0,0.0,0.0,0.0,0.0,524139.6697340224,9706.290180259673,0.0,0.0,0.0,0.0,7933,104.38157894736842,524.4074090945859,4645.0,41.0,0.0,0.0,0.0,0.0,0.0,0,0,0,0,1540,0,9706.290180259673,0.0,54,54,54.0,0.0,0.0,0,0,0,0,0,0,0,0,0.0,54.0,54.0,0.0,0.0,0.0,0.0,0.0,0.0,0.0,77,4158,0,0,512,0,0,20,0.0,0.0,0.0,0.0,0.0,0.0,0.0,0.0
145.31.38.8,246.107.15.68,11459,44932,6,2005-12-20 20:39:40,7974.999999999999,78,0,4212,0,54.0,54.0,54.0,0.0,0.0,0.0,0.0,0.0,528150.4702194358,9780.564263322885,0.0,0.0,0.0,0.0,7975,103.57142857142857,521.0389079514675,4645.0,41.0,0.0,0.0,0.0,0.0,0.0,0,0,0,0,1560,0,9780.564263322885,0.0,54,54,54.0,0.0,0.0,0,0,0,0,0,0,0,0,0.0,54.0,54.0,0.0,0.0,0.0,0.0,0.0,0.0,0.0,78,4212,0,0,512,0,0,20,0.0,0.0,0.0,0.0,0.0,0.0,0.0,0.0
35.233.218.16,79.154.233.77,39478,31725,6,2005-12-20 20:39:40,8015.0,79,0,4266,0,54.0,54.0,54.0,0.0,0.0,0.0,0.0,0.0,532252.027448534,9856.519026824704,0.0,0.0,0.0,0.0,8015,102.75641025641026,517.7375383461729,4645.0,40.0,0.0,0.0,0.0,0.0,0.0,0,0,0,0,1580,0,9856.519026824704,0.0,54,54,54.0,0.0,0.0,0,0,0,0,0,0,0,0,0.0,54.0,54.0,0.0,0.0,0.0,0.0,0.0,0.0,0.0,79,4266,0,0,512,0,0,20,0.0,0.0,0.0,0.0,0.0,0.0,0.0,0.0
124.246.42.111,239.66.202.58,58947,42114,6,2005-12-20 20:39:40,8056.000000000001,80,0,4320,0,54.0,54.0,54.0,0.0,0.0,0.0,0.0,0.0,536246.2760675272,9930.486593843098,0.0,0.0,0.0,0.0,8056,101.9746835443038,514.496607231523,4645.0,40.0,0.0,0.0,0.0,0.0,0.0,0,0,0,0,1600,0,9930.486593843098,0.0,54,54,54.0,0.0,0.0,0,0,0,0,0,0,0,0,0.0,54.0,54.0,0.0,0.0,0.0,0.0,0.0,0.0,0.0,80,4320,0,0,512,0,0,20,0.0,0.0,0.0,0.0,0.0,0.0,0.0,0.0
68.78.114.123,112.148.35.44,37708,30329,6,2005-12-20 20:39:40,8097.999999999999,81,0,4374,0,54.0,54.0,54.0,0.0,0.0,0.0,0.0,0.0,540133.3662632749,10002.469745616203,0.0,0.0,0.0,0.0,8098,101.225,511.31431074731324,4645.0,40.0,0.0,0.0,0.0,0.0,0.0,0,0,0,0,1620,0,10002.469745616203,0.0,54,54,54.0,0.0,0.0,0,0,0,0,0,0,0,0,0.0,54.0,54.0,0.0,0.0,0.0,0.0,0.0,0.0,0.0,81,4374,0,0,512,0,0,20,0.0,0.0,0.0,0.0,0.0,0.0,0.0,0.0
147.172.61.20,204.70.160.26,30305,56070,6,2005-12-20 20:39:40,8140.0,82,0,4428,0,54.0,54.0,54.0,0.0,0.0,0.0,0.0,0.0,543980.343980344,10073.710073710074,0.0,0.0,0.0,0.0,8140,100.49382716049382,508.1903289671333,4645.0,40.0,0.0,0.0,0.0,0.0,0.0,0,0,0,0,1640,0,10073.710073710074,0.0,54,54,54.0,0.0,0.0,0,0,0,0,0,0,0,0,0.0,54.0,54.0,0.0,0.0,0.0,0.0,0.0,0.0,0.0,82,4428,0,0,512,0,0,20,0.0,0.0,0.0,0.0,0.0,0.0,0.0,0.0
228.161.199.101,250.21.233.24,45093,60911,6,2005-12-20 20:39:40,14933.0,83,0,4482,0,54.0,54.0,54.0,0.0,0.0,0.0,0.0,0.0,300140.62813902093,5558.15978035224,0.0,0.0,0.0,0.0,14933,182.109756097561,891.4380955498265,6793.0,40.0,0.0,0.0,0.0,0.0,0.0,0,0,0,0,1660,0,5558.15978035224,0.0,54,54,54.0,0.0,0.0,0,0,0,0,0,0,0,0,0.0,54.0,54.0,0.0,0.0,0.0,0.0,0.0,0.0,0.0,83,4482,0,0,512,0,0,20,0.0,0.0,0.0,0.0,0.0,0.0,0.0,0.0
115.59.111.90,211.218.173.113,59788,43310,6,2005-12-20 20:39:40,15233.0,84,0,4536,0,54.0,54.0,54.0,0.0,0.0,0.0,0.0,0.0,297774.56837129913,5514.343858727762,0.0,0.0,0.0,0.0,15233,183.53012048192772,886.1450605684518,6793.0,40.0,0.0,0.0,0.0,0.0,0.0,0,0,0,0,1680,0,5514.343858727762,0.0,54,54,54.0,0.0,0.0,0,0,0,0,0,0,0,0,0.0,54.0,54.0,0.0,0.0,0.0,0.0,0.0,0.0,0.0,84,4536,0,0,512,0,0,20,0.0,0.0,0.0,0.0,0.0,0.0,0.0,0.0
192.234.219.84,158.27.91.64,59703,13821,6,2005-12-20 20:39:40,15589.0,85,0,4590,0,54.0,54.0,54.0,0.0,0.0,0.0,0.0,0.0,294438.3860414395,5452.562704471101,0.0,0.0,0.0,0.0,15589,185.58333333333334,881.0531875239041,6793.0,40.0,0.0,0.0,0.0,0.0,0.0,0,0,0,0,1700,0,5452.562704471101,0.0,54,54,54.0,0.0,0.0,0,0,0,0,0,0,0,0,0.0,54.0,54.0,0.0,0.0,0.0,0.0,0.0,0.0,0.0,85,4590,0,0,512,0,0,20,0.0,0.0,0.0,0.0,0.0,0.0,0.0,0.0
177.64.177.29,251.131.244.121,60219,36487,6,2005-12-20 20:39:40,15636.0,86,0,4644,0,54.0,54.0,54.0,0.0,0.0,0.0,0.0,0.0,297006.90713737527,5500.127909951394,0.0,0.0,0.0,0.0,15636,183.95294117647057,875.9826469659471,6793.0,40.0,0.0,0.0,0.0,0.0,0.0,0,0,0,0,1720,0,5500.127909951394,0.0,54,54,54.0,0.0,0.0,0,0,0,0,0,0,0,0,0.0,54.0,54.0,0.0,0.0,0.0,0.0,0.0,0.0,0.0,86,4644,0,0,512,0,0,20,0.0,0.0,0.0,0.0,0.0,0.0,0.0,0.0
172.218.71.74,32.152.0.111,33379,3713,6,2005-12-20 20:39:40,15678.999999999998,87,0,4698,0,54.0,54.0,54.0,0.0,0.0,0.0,0.0,0.0,299636.45640665863,5548.823266789975,0.0,0.0,0.0,0.0,15679,182.3139534883721,871.0059175516268,6793.0,40.0,0.0,0.0,0.0,0.0,0.0,0,0,0,0,1740,0,5548.823266789975,0.0,54,54,54.0,0.0,0.0,0,0,0,0,0,0,0,0,0.0,54.0,54.0,0.0,0.0,0.0,0.0,0.0,0.0,0.0,87,4698,0,0,512,0,0,20,0.0,0.0,0.0,0.0,0.0,0.0,0.0,0.0
250.228.126.115,178.207.186.102,57158,16817,6,2005-12-20 20:39:40,15720.000000000002,88,0,4752,0,54.0,54.0,54.0,0.0,0.0,0.0,0.0,0.0,302290.0763358778,5597.96437659033,0.0,0.0,0.0,0.0,15720,180.68965517241378,866.1166642548111,6793.0,40.0,0.0,0.0,0.0,0.0,0.0,0,0,0,0,1760,0,5597.96437659033,0.0,54,54,54.0,0.0,0.0,0,0,0,0,0,0,0,0,0.0,54.0,54.0,0.0,0.0,0.0,0.0,0.0,0.0,0.0,88,4752,0,0,512,0,0,20,0.0,0.0,0.0,0.0,0.0,0.0,0.0,0.0
114.159.107.124,59.44.102.116,31862,34585,6,2005-12-20 20:39:40,15761.0,89,0,4806,0,54.0,54.0,54.0,0.0,0.0,0.0,0.0,0.0,304929.89023539115,5646.84981917391,0.0,0.0,0.0,0.0,15761,179.10227272727272,861.30875627222,6793.0,40.0,0.0,0.0,0.0,0.0,0.0,0,0,0,0,1780,0,5646.84981917391,0.0,54,54,54.0,0.0,0.0,0,0,0,0,0,0,0,0,0.0,54.0,54.0,0.0,0.0,0.0,0.0,0.0,0.0,0.0,89,4806,0,0,512,0,0,20,0.0,0.0,0.0,0.0,0.0,0.0,0.0,0.0
101.13.191.10,224.223.100.41,15899,39559,6,2005-12-20 20:39:40,15802.0,90,0,4860,0,54.0,54.0,54.0,0.0,0.0,0.0,0.0,0.0,307556.00556891534,5695.4815846095435,0.0,0.0,0.0,0.0,15802,177.5505617977528,856.5799648646644,6793.0,40.0,0.0,0.0,0.0,0.0,0.0,0,0,0,0,1800,0,5695.4815846095435,0.0,54,54,54.0,0.0,0.0,0,0,0,0,0,0,0,0,0.0,54.0,54.0,0.0,0.0,0.0,0.0,0.0,0.0,0.0,90,4860,0,0,512,0,0,20,0.0,0.0,0.0,0.0,0.0,0.0,0.0,0.0
45.53.13.78,17.27.128.124,3364,25217,6,2005-12-20 20:39:40,15844.0,91,0,4914,0,54.0,54.0,54.0,0.0,0.0,0.0,0.0,0.0,310148.95228477655,5743.499116384751,0.0,0.0,0.0,0.0,15844,176.04444444444445,851.9263910705367,6793.0,40.0,0.0,0.0,0.0,0.0,0.0,0,0,0,0,1820,0,5743.499116384751,0.0,54,54,54.0,0.0,0.0,0,0,0,0,0,0,0,0,0.0,54.0,54.0,0.0,0.0,0.0,0.0,0.0,0.0,0.0,91,4914,0,0,512,0,0,20,0.0,0.0,0.0,0.0,0.0,0.0,0.0,0.0
220.194.46.29,210.99.32.17,56233,23682,6,2005-12-20 20:39:40,15885.0,92,0,4968,0,54.0,54.0,54.0,0.0,0.0,0.0,0.0,0.0,312747.87535410764,5791.627321372364,0.0,0.0,0.0,0.0,15885,174.56043956043956,847.3495095897587,6793.0,40.0,0.0,0.0,0.0,0.0,0.0,0,0,0,0,1840,0,5791.627321372364,0.0,54,54,54.0,0.0,0.0,0,0,0,0,0,0,0,0,0.0,54.0,54.0,0.0,0.0,0.0,0.0,0.0,0.0,0.0,92,4968,0,0,512,0,0,20,0.0,0.0,0.0,0.0,0.0,0.0,0.0,0.0
122.225.71.23,147.220.165.40,45679,14045,6,2005-12-20 20:39:40,15926.0,93,0,5022,0,54.0,54.0,54.0,0.0,0.0,0.0,0.0,0.0,315333.4170538742,5839.507723219892,0.0,0.0,0.0,0.0,15926,173.1086956521739,842.8455484963054,6793.0,40.0,0.0,0.0,0.0,0.0,0.0,0,0,0,0,1860,0,5839.507723219892,0.0,54,54,54.0,0.0,0.0,0,0,0,0,0,0,0,0,0.0,54.0,54.0,0.0,0.0,0.0,0.0,0.0,0.0,0.0,93,5022,0,0,512,0,0,20,0.0,0.0,0.0,0.0,0.0,0.0,0.0,0.0
195.9.153.76,152.179.195.25,31729,58240,6,2005-12-20 20:39:40,15966.999999999998,94,0,5076,0,54.0,54.0,54.0,0.0,0.0,0.0,0.0,0.0,317905.68046596105,5887.142230851131,0.0,0.0,0.0,0.0,15967,171.68817204301075,838.4125935104229,6793.0,40.0,0.0,0.0,0.0,0.0,0.0,0,0,0,0,1880,0,5887.142230851131,0.0,54,54,54.0,0.0,0.0,0,0,0,0,0,0,0,0,0.0,54.0,54.0,0.0,0.0,0.0,0.0,0.0,0.0,0.0,94,5076,0,0,512,0,0,20,0.0,0.0,0.0,0.0,0.0,0.0,0.0,0.0
133.137.40.90,222.171.228.106,43798,16215,6,2005-12-20 20:39:40,16008.000000000002,95,0,5130,0,54.0,54.0,54.0,0.0,0.0,0.0,0.0,0.0,320464.7676161919,5934.532733633183,0.0,0.0,0.0,0.0,16008,170.29787234042553,834.0487999114746,6793.0,40.0,0.0,0.0,0.0,0.0,0.0,0,0,0,0,1900,0,5934.532733633183,0.0,54,54,54.0,0.0,0.0,0,0,0,0,0,0,0,0,0.0,54.0,54.0,0.0,0.0,0.0,0.0,0.0,0.0,0.0,95,5130,0,0,512,0,0,20,0.0,0.0,0.0,0.0,0.0,0.0,0.0,0.0
126.206.200.18,236.82.193.14,15480,37814,6,2005-12-20 20:39:40,16049.0,96,0,5184,0,54.0,54.0,54.0,0.0,0.0,0.0,0.0,0.0,323010.77948781854,5981.681101626269,0.0,0.0,0.0,0.0,16049,168.93684210526317,829.7523893246874,6793.0,40.0,0.0,0.0,0.0,0.0,0.0,0,0,0,0,1920,0,5981.681101626269,0.0,54,54,54.0,0.0,0.0,0,0,0,0,0,0,0,0,0.0,54.0,54.0,0.0,0.0,0.0,0.0,0.0,0.0,0.0,96,5184,0,0,512,0,0,20,0.0,0.0,0.0,0.0,0.0,0.0,0.0,0.0
96.243.209.46,211.137.103.40,30057,7715,6,2005-12-20 20:39:40,16090.0,97,0,5238,0,54.0,54.0,54.0,0.0,0.0,0.0,0.0,0.0,325543.8160348042,6028.589185829708,0.0,0.0,0.0,0.0,16090,167.60416666666666,825.5216466872964,6793.0,40.0,0.0,0.0,0.0,0.0,0.0,0,0,0,0,1940,0,6028.589185829708,0.0,54,54,54.0,0.0,0.0,0,0,0,0,0,0,0,0,0.0,54.0,54.0,0.0,0.0,0.0,0.0,0.0,0.0,0.0,97,5238,0,0,512,0,0,20,0.0,0.0,0.0,0.0,0.0,0.0,0.0,0.0
231.127.7.41,139.124.15.53,49359,21510,6,2005-12-20 20:39:40,16133.000000000002,98,0,5292,0,54.0,54.0,54.0,0.0,0.0,0.0,0.0,0.0,328023.30626665836,6074.505671604785,0.0,0.0,0.0,0.0,16133,166.31958762886597,821.3517968278923,6793.0,40.0,0.0,0.0,0.0,0.0,0.0,0,0,0,0,1960,0,6074.505671604785,0.0,54,54,54.0,0.0,0.0,0,0,0,0,0,0,0,0,0.0,54.0,54.0,0.0,0.0,0.0,0.0,0.0,0.0,0.0,98,5292,0,0,512,0,0,20,0.0,0.0,0.0,0.0,0.0,0.0,0.0,0.0
127.50.221.63,136.147.241.57,50625,44757,6,2005-12-20 20:39:40,16174.0,99,0,5346,0,54.0,54.0,54.0,0.0,0.0,0.0,0.0,0.0,330530.4810189192,6120.934833683689,0.0,0.0,0.0,0.0,16174,165.0408163265306,817.2475322362695,6793.0,40.0,0.0,0.0,0.0,0.0,0.0,0,0,0,0,1980,0,6120.934833683689,0.0,54,54,54.0,0.0,0.0,0,0,0,0,0,0,0,0,0.0,54.0,54.0,0.0,0.0,0.0,0.0,0.0,0.0,0.0,99,5346,0,0,512,0,0,20,0.0,0.0,0.0,0.0,0.0,0.0,0.0,0.0
88.92.209.10,51.170.28.20,39207,56466,6,2005-12-20 20:39:40,16215.0,100,0,5400,0,54.0,54.0,54.0,0.0,0.0,0.0,0.0,0.0,333024.97687326546,6167.129201356768,0.0,0.0,0.0,0.0,16215,163.78787878787878,813.2041411642045,6793.0,40.0,0.0,0.0,0.0,0.0,0.0,0,0,0,0,2000,0,6167.129201356768,0.0,54,54,54.0,0.0,0.0,0,0,0,0,0,0,0,0,0.0,54.0,54.0,0.0,0.0,0.0,0.0,0.0,0.0,0.0,100,5400,0,0,512,0,0,20,0.0,0.0,0.0,0.0,0.0,0.0,0.0,0.0
